{
	"description": "项目配置文件。",
	"setting": {
		"urlCheck": true,
		"es6": true,
		"postcss": false,
		"minified": true,
		"newFeature": true,
		"autoAudits": false,
		"checkInvalidKey": true
	},
	"compileType": "miniprogram",
	"libVersion": "2.4.0",
	"appid": "wx51e43fef18049408",
	"projectname": "%E8%B1%A1%E6%AA%AC%E8%A1%A8%E7%99%BD",
	"simulatorType": "wechat",
	"simulatorPluginLibVersion": {},
	"condition": {
		"search": {
			"current": -1,
			"list": []
		},
		"conversation": {
			"current": -1,
			"list": []
		},
		"plugin": {
			"current": -1,
			"list": []
		},
		"game": {
			"current": -1,
			"list": []
		},
		"miniprogram": {
			"current": 0,
			"list": [
				{
					"id": 0,
					"name": "卖舍友",
					"pathName": "pages/sale/index/sale",
					"query": ""
				},
				{
					"id": -1,
					"name": "发表卖舍友",
					"pathName": "pages/sale/post_sale/post_sale",
					"query": ""
				},
				{
					"id": 2,
					"name": "表白",
					"pathName": "pages/index/post/post",
					"query": ""
				},
				{
					"id": 3,
					"name": "情侣脸",
					"pathName": "pages/compare_face/face",
					"query": ""
				},
				{
					"id": 4,
					"name": "个人中心",
					"pathName": "pages/personal/index/personal",
					"query": ""
				},
				{
					"id": 5,
					"name": "悬赏令",
					"pathName": "pages/help/help",
					"query": ""
				},
				{
					"id": -1,
					"name": "步数旅行",
					"pathName": "pages/travel/index/index",
					"query": ""
				},
				{
					"id": -1,
					"name": "卖舍友详情",
					"pathName": "pages/sale/comment_sale/comment_sale",
					"query": "id=142"
				}
			]
		}
	}
}